{"NBSO":[-68.1719367154547,46.51168207420868],"AEC":[-90.93006099067776,32.792146457270206],"YAD":[-78.456583310405,36.934891018002915],"AZPS":[-110.39300922775661,35.12137196881429],"AECI":[-94.05085349999995,37.83411500000006],"BPAT":[-116.64116807180383,43.929946954363956],"CISO":[-120.38931881079387,36.74498580296165],"CHPD":[-119.84167903596857,48.46386895168748],"DOPD":[-115.50061766240516,48.490932141759814],"DUK":[-79.89836993474186,35.307744641990965],"EPE":[-105.00537451250045,31.43815339928521],"ERCO":[-98.27420875064043,31.425500055253192],"EEI":[-89.82754493210733,37.62646412220326],"FPL":[-81.09838969430496,27.124356908374413],"GVL":[-81.26553374622893,29.720041125186828],"HST":[-79.60322219015316,25.595162136781724],"IPCO":[-111.9683544837978,42.515988818081155],"IID":[-115.02941609692515,32.88632225233096],"JEA":[-80.27047785213016,28.82029826124533],"LDWP":[-117.87342579995261,33.388307570609925],"LGEE":[-85.31860638692737,38.763541316339165],"NWMT":[-110.47406622720895,46.57364603524717],"NEVP":[-115.13090040236627,39.59595731735928],"ISNE":[-70.30432564984865,44.24939240903103],"NSB":[-78.39978704110565,30.828222482827865],"NYIS":[-73.615314093962,42.069883145224054],"OVEC":[-86.21541998614298,40.492469720301585],"PACW":[-123.65338128026043,40.81404544677784],"PACE":[-108.31770697837031,40.64706408176194],"GRMA":[-113.3102982216262,31.893375265219344],"FMPP":[-84.28170693386663,28.389056797085413],"GCPD":[-117.36294225513858,47.1012051665145],"PJM":[-79.9770233996316,40.858179437189804],"PGE":[-123.68579597435787,43.33219498496935],"PSCO":[-102.22036355151268,37.304015047332],"PNM":[-105.3422857272454,33.90633907006743],"PSEI":[-123.64945185021342,48.30081191438856],"BANC":[-121.00178434551358,39.41854180139401],"SRP":[-109.9191141410328,33.24172659834344],"SCL":[-122.3718225051874,45.86918553522921],"SCEG":[-80.6474843261589,32.064370113570114],"SC":[-77.01392097407502,33.13683066870623],"SPA":[-93.28224882004994,35.621437666636936],"SOCO":[-85.76644444344154,32.92064065914659],"TPWR":[-124.42429709064929,44.57159321725595],"TAL":[-85.21984777087856,29.945650964961196],"TEC":[-81.96630967141702,25.0558340138263],"TVA":[-84.86985785580802,35.876899282490285],"TIDC":[-123.18624466823813,38.15898513341526],"AVA":[-114.36985321008879,46.94287540804014],"SEC":[-78.13294267176624,28.408543326718302],"TEPC":[-107.40118630831005,34.48098848376139],"WALC":[-114.47667417149277,37.7133097808362],"WACM":[-103.11974086946924,40.07700758649801],"SEPA":[-81.40894434875521,33.84680713237261],"HGMA":[-108.42682106191279,31.408935672110037],"GRIF":[-111.80574274508649,37.50156317750004],"GWA":[-111.47502953729719,48.52868008717133],"MISO":[-91.28592151852608,41.87635772272481],"DEAA":[-111.6007639646549,31.195262994672426],"WWA":[-108.69815433416997,48.4352601465169],"SWPP":[-97.63348868281118,36.818290841709135],"CPLE":[-76.25939917695543,35.48667194238051],"CPLW":[-82.53184222173286,36.467086538942],"FPC":[-82.94862035271228,31.308893498289525],"WAUW":[-105.57484527604959,47.28986317323612]}
