{"NBSO":[-66.36618226137286,46.8972014859608],"AEC":[-89.45741544756946,33.51722988964319],"YAD":[-77.99985528130559,37.67704296937992],"AZPS":[-108.00669887241791,36.12830777962755],"AECI":[-95.55001557651246,39.01542660235536],"BPAT":[-115.05813638265353,42.952270810672594],"CISO":[-121.49618519739325,35.277531569674665],"CHPD":[-118.96434791238559,49.45072087210483],"DOPD":[-114.75979068284873,49.38535604684757],"DUK":[-79.84432696326445,35.246461097317685],"EPE":[-104.01419171822751,30.702043495886265],"EEI":[-90.32754447897551,36.80275942578929],"GVL":[-80.25520804760905,30.210412192078078],"HST":[-78.99245095419467,24.71269350716513],"IPCO":[-109.7464559327325,42.8780318551426],"IID":[-116.30303971126742,31.737466833090714],"JEA":[-78.65296816181304,29.442164671345225],"LDWP":[-120.27482006862034,32.56663384802677],"LGEE":[-86.91673964461562,37.99034876511575],"NWMT":[-108.24237524733088,45.54748986023025],"NEVP":[-112.4290915967064,39.33551499233922],"ISNE":[-72.45945814168182,45.300408258374105],"NSB":[-76.954906855383,30.205164538888603],"NYIS":[-74.88001934323258,43.42587607619111],"OVEC":[-87.60426457120273,39.917658191962744],"PACW":[-124.47175584626763,41.696555788141175],"PACE":[-107.03908885050723,42.10204238839194],"GRMA":[-114.89933196948215,30.982024281850954],"FMPP":[-85.82022437923756,27.362574145903828],"GCPD":[-119.57856908002285,46.66884531856183],"PGE":[-125.2595437401524,42.953828730802684],"PSCO":[-101.91120240616948,35.990847120857175],"PNM":[-103.39166707252167,33.74460134256126],"PSEI":[-125.67751188720023,48.299024884058575],"BANC":[-122.15250038244073,40.09012851876533],"SRP":[-111.55794273176814,32.63379692300876],"SCL":[-121.955149275355,45.09969271434385],"SCEG":[-78.40045651503709,31.733383178152362],"SC":[-76.97189185101071,33.0844074190221],"SPA":[-92.78675126439418,34.75923247233408],"TPWR":[-125.84170846088618,45.00246681022734],"TAL":[-86.93818383261394,30.154889025958454],"TEC":[-83.4199632358462,25.12740960794351],"TIDC":[-123.57717013098603,38.84050354915464],"AVA":[-113.20679737848684,47.70416652618391],"SEC":[-77.29862341831156,27.44245551951621],"TEPC":[-106.17377183056558,35.66227074472291],"WALC":[-114.23102571508075,36.45399434307447],"WACM":[-101.95275731706138,41.360950795343214],"SEPA":[-82.93531916899761,34.136903107681235],"HGMA":[-108.24112340124366,30.596374828230495],"GRIF":[-110.21729576064902,37.96877583803274],"GWA":[-110.79151166886557,49.42618212705695],"DEAA":[-119.30745554890521,66.67689862775156],"WWA":[-107.14384224745345,49.22266842804744],"CPLE":[-74.35312001492524,34.83940090826417],"CPLW":[-82.21422226084222,37.44924919953489],"FPC":[-82.94862035271228,31.308893498289525],"WAUW":[-103.97480535754283,48.0498297121167]}
